ANA PAULA JAHN;3612359023677691;2010;2017
ANTONIO CARLOS BROLEZZI;2422103751979129;2010;2017
ANTONIO LUIZ PEREIRA;7522850820895210;2010;2017
BARBARA COROMINAS VALERIO;1727582332230890;2010;2017
CIRCE MARY SILVA DA SILVA DYNNIKOV;7810711686517284;2010;2017
CLAUDIA CUEVA CANDIDO;6261615324975968;2010;2017
CRISTINA CERRI;7193492880677720;2010;2017
DAVID PIRES DIAS;1464247269026445;2010;2017
EDUARDO DO NASCIMENTO MARCOS;4654251951434427;2010;2017
ELISETE DA CONCEICAO QUINTANEIRO AUBIN;5502172167494560;2010;2017
ELVIA MUREB SALLUM;1915297691969734;2010;2017
FRANCISCO CESAR POLCINO MILIES;6912823669386029;2010;2017
HELENA MARIA AVILA DE CASTRO;5798035148953676;2010;2017
IOLE DE FREITAS DRUCK;3963038169664451;2010;2017
LELIANE NUNES DE BARROS;0348490713417429;2010;2017
LEONIDAS DE OLIVEIRA BRANDAO;5618622435626525;2010;2017
LIGIA CARLA PINTO HENRIQUES JORGE RODRIGUES;7037569509778870;2010;2017
LISBETH KAISERLIAN CORDANI;8883044509372931;2010;2017
MARCOS NASCIMENTO MAGALHAES;8280771165693528;2010;2017
MARIA CRISTINA BONOMI;1601481697363454;2010;2017
MARTHA SALERNO MONTEIRO;7191150286119863;2010;2017
ORLANDO STANLEY JURIAANS;2628621250028497;2010;2017
OSCAR JOAO ABDOUNUR;6884084734880165;2010;2017
RICARDO BIANCONI;4159733067004447;2010;2017
ROGERIO AUGUSTO DOS SANTOS FAJARDO;7902197542498193;2010;2017
ROSA MARIA DOS SANTOS BARREIRO CHAVES;7507242119255330;2010;2017
SILVIA NAGIB ELIAN;9799994124940260;2010;2017
VERA HELENA GIUSTI DE SOUZA;2153527263061692;2010;2017
VIVIANA GIAMPAOLI;8165895654064360;2010;2017